statement_name,avg_monthly_deposits,deposits_stability,avg_monthly_withdrawals,withdrawals_stability,total_deposits,total_withdrawals,total_fees,total_transfer_in,total_transfer_out,total_loan_payments,deposits_to_withdrawals,monthly_net,fees_ratio,transfer_ratio,rent_to_income,loan_to_income,avg_rent,avg_payroll,num_months,risk_score,approve
synthetic_0,4898.6461647333235,1792.8896578312335,1290.3916448034493,558.8532307180154,53885.10781206656,14194.308092837942,2733.0748184080467,51155.08843578009,10403.855168039174,10829.89584132534,3.795980154826903,3608.2545199298747,0.05071946981103054,0.7562474805169656,0.02312222894598257,0.17289316410428662,113.26761814632337,3918.916931786659,11,4,1
synthetic_1,1634.9398768414596,559.3399300483225,361.76579011460655,164.48050686268115,14714.458891573136,3255.892111031459,296.2799216206801,9434.317617833187,2672.005556969568,8221.080491379003,4.517944835118613,1273.1740867268531,0.020133923366151083,0.45953796688841847,0.2136635911598025,0.019332115631495075,349.32712541631145,1307.9519014731677,9,5,1
synthetic_2,1514.859538363895,4.182615898325845,397.7711868148209,14.726414498779604,19693.173998730636,5171.025428592672,617.7036063693809,9610.701719831837,2771.628231677501,5686.321183349301,3.807632864653031,1117.088351549074,0.031364788714123994,0.3472637892096993,0.10301083179663252,0.011717953370651188,156.0469411019276,1211.887630691116,13,5,1
synthetic_3,3252.0702360576283,511.1538647925085,771.9121039670194,291.60953450372085,39024.84283269154,9262.945247604233,533.609322743078,12814.40590082034,4342.890174208479,3397.6866163368795,4.212551109667215,2480.1581320906084,0.013673229942290421,0.21707451041942297,0.046251710983309546,0.002219999709474903,150.41381265556066,2601.6561888461024,12,5,1
synthetic_4,723.8826241838294,43.38422832713248,155.16022743810476,54.54029077773771,8686.591490205952,1861.922729257257,195.9484000789146,1258.1616080883289,616.0367936805206,405.9804357749634,4.6628834109878925,568.7223967457246,0.022554973987879045,0.07391286930695515,0.5070420143586892,0.12634320277106645,367.0389039254228,579.1060993470635,12,3,1
synthetic_5,12122.206662767881,3839.889040423563,1604.7654259137141,474.1222828224435,121222.06662767881,16047.654259137142,6584.037417092115,40586.66320299824,6091.390338695276,65242.828468407046,7.553410066059728,10517.441236854167,0.054313404208079855,0.2845603054264483,0.05897401694864042,0.13654038261520626,714.8952211849949,9697.765330214304,10,4,1
synthetic_6,3865.640998569932,655.2837300072273,1273.795437287875,496.7009559829161,46387.691982839184,15285.545247454502,2194.5800009696527,28448.837062633596,2457.6071163221063,7247.549118375175,3.0345438574856285,2591.8455612820567,0.04730851220770582,0.560292365129126,0.23460290580327736,0.016736004411062974,906.8906110567888,3092.5127988559457,12,5,1
synthetic_7,1224.74210021136,595.8434951776653,164.31425942941908,41.29522085766781,15921.647302747679,2136.085372582448,917.5384210670608,7725.215683832131,1062.4177663703617,6143.043759271491,7.450169051275665,1060.4278407819406,0.05762474063648489,0.41844787432501934,0.06821112794907304,0.05740064819938924,83.54104010213351,979.7936801690879,13,4,1
synthetic_8,3544.6011634447573,1010.3197433667214,1120.3287612313923,414.9521939438293,31901.410471002815,10082.95885108253,2253.0680703544385,21234.22977421625,3226.0537097525844,7895.418257662352,3.163579992948716,2424.272402213365,0.07062375654661984,0.5644769720718097,0.6492250881836332,0.3687097917057553,2301.2440029132317,2835.680930755806,9,2,0
synthetic_9,30171.666471503453,4322.713544770788,1767.677004926155,461.57870088827383,422403.33060104836,24747.47806896617,26220.429769017326,28279.225885446787,18824.11248132433,108631.91684349695,17.067850775467647,28403.9894665773,0.062074244673835856,0.02238403519838106,0.26605570336966194,0.02119462936644778,8027.343944910697,24137.333177202763,14,4,1
synthetic_10,17421.393479346953,5750.779136916123,2972.8933333040304,368.2389035704009,243899.50871085734,41620.50666625643,5626.883114976545,223686.0477292124,10483.64938252198,15685.975377841743,5.859939445887302,14448.500146042921,0.023070403357162254,0.8741367513892341,0.1712799773462933,0.012678205182464637,2983.935880483408,13937.114783477562,14,5,1
synthetic_11,3196.469137248614,1502.708474311345,380.7789557656007,103.87969564195073,28768.222235237525,3427.010601890406,3330.1023229039656,16647.881908940282,2276.2184012018556,7097.174692960191,8.392104219098108,2815.6901814830135,0.11575225411638493,0.4995499492556849,0.42942732446503035,0.19829323569375423,1372.6511893437162,2557.1753097988912,9,3,1
synthetic_12,2919.2978558911213,543.0158001037955,684.4984514000802,146.82287369904182,32112.276414802334,7529.482965400882,2312.108211078413,20963.686742696085,5314.547755172596,17182.722781860444,4.264305033600571,2234.799404491041,0.07199851491991228,0.48731056854448385,0.5949752762705632,0.2796195308134862,1736.9100483248826,2335.4382847128973,11,3,1
synthetic_13,5564.262983159849,253.74737151604523,1954.55566463005,867.533619463012,55642.62983159849,19545.556646300498,1047.91920360199,43324.001698918226,6797.916057413033,33477.045227028,2.846671709931568,3609.7073185297995,0.018832689505940633,0.6564288805753473,0.4702996927750377,0.015334104810824301,2616.8711714995916,4451.410386527879,10,4,0
synthetic_14,2926.2788096656022,82.37954127126062,575.2638469811747,167.79548000922463,29262.788096656022,5752.638469811746,5570.75109934057,9128.623929993711,3350.509788084158,6096.746414439055,5.0859622567862655,2351.0149626844277,0.19036329408006958,0.19744928861652805,0.10536551745337898,0.005533148194610417,308.3288809932741,2341.0230477324817,10,4,1
synthetic_15,26630.246446070516,3693.364631145072,9801.207217916832,380.94664245167695,266302.4644607052,98012.07217916832,60959.74877105512,116107.02032666645,72161.64147550051,154619.1667641722,2.7170096655464806,16829.039228153684,0.22891083634418932,0.16501992920054695,0.21651308741926528,0.3421397964904767,5765.796876774644,21304.197156856415,10,3,0
synthetic_16,605.2080850971802,17.05945318725505,107.15391560590697,50.617673643587395,7262.497021166162,1285.8469872708838,681.035245244325,1125.177643793385,492.6220312744197,1360.3987266273318,5.64363680608858,498.05416949127317,0.09376134433039034,0.08708692392599175,0.228543584351494,0.09286955094307385,138.31642504661355,484.1664680777442,12,3,1
synthetic_17,11715.072710432787,1247.4453183966202,7683.675930499021,3473.631199116516,140580.87252519344,92204.11116598826,16483.935892018395,85236.45876206738,33255.80254628525,112851.03412221468,1.5246537935637734,4031.3967799337647,0.11725505995849028,0.3697536195960597,0.09813788028246728,0.03030840293926593,1149.6924031568522,9372.05816834623,12,4,0
synthetic_18,1164.5851564170014,201.27949360898057,214.0151190810391,20.57637862915692,11645.851564170014,2140.151190810391,62.22898092791543,2623.3165662156252,1009.9534337209222,280.52082964283807,5.439060825855202,950.5700373359623,0.005342987380328139,0.1385235420581816,0.3726770555436545,0.06909410523319007,434.0141670233344,931.668125133601,10,4,1
synthetic_19,298.2937786436266,55.02232177022017,160.30306423843825,57.17606224525737,3579.5253437235187,1923.636770861259,108.56740276682858,3515.9846123296825,908.4264712393755,170.37148681104097,1.8598446199911844,137.9907144051883,0.030321640637774507,0.7282613278135918,0.13607357909759116,0.09398973482028208,40.58990208258287,238.63502291490127,12,4,0
synthetic_20,5109.771897179342,325.95312292920136,1296.8092412008195,230.8947624528411,61317.262766152104,15561.710894409835,809.6650128725864,32972.56208116859,6748.101149021491,9203.81615482996,3.9400116844795607,3812.9626559785224,0.01320430449832516,0.4276778197738356,0.16401654264857068,0.4290830039129687,838.0871202981834,4087.8175177434737,12,4,1
synthetic_21,6344.8023289014345,2121.204529490342,1377.3534384718778,529.9318687058626,63448.023289014345,13773.534384718778,2183.3620648805763,29655.620315319455,3078.1345119632297,1463.6792715267602,4.606182794781248,4967.448890429557,0.03441127934996293,0.4188793526780402,0.687989373030035,0.2314962287861915,4365.156576260404,5075.841863121148,10,4,0
synthetic_22,963.2308910781813,286.8688174381898,23.564350935236746,9.786503609364283,11558.770692938177,282.77221122284095,114.04689247032525,3911.4703814926424,80.33637248720508,3281.7811708988693,40.73256730505332,939.6665401429447,0.009865843838926329,0.3314195506789649,0.2141861322935494,0.6326461296802518,206.31069906570485,770.5847128625451,12,3,1
synthetic_23,1087.801198858226,163.91960641254866,167.2367100373531,32.10035243733854,14141.415585156938,2174.0772304855905,656.8542729970426,6066.84993892657,837.7904332560669,4983.687018800189,6.501569409560615,920.5644888208728,0.04644569161766388,0.3697430240388793,0.47501232871824334,0.15323095453198637,516.7189806521428,870.2409590865808,13,3,0
synthetic_24,4161.630007710186,1708.8845215871177,1330.4992298750044,152.50940240239987,54101.190100232416,17296.48998837506,2188.693118841975,7339.934634816696,6706.837899176195,22198.428156987884,3.127690210347954,2831.130777835181,0.04045479701999296,0.011701868897868924,0.43685007666074493,0.3464284321704191,1818.0083879018514,3329.3040061681486,13,3,1
synthetic_25,6159.596948192658,2841.112186504643,784.0538762625976,166.2706484382467,73915.16337831189,9408.646515151171,8454.74900299987,55890.28409234976,7266.857683507408,6268.627852073134,7.855253994854705,5375.543071930059,0.11438295247721988,0.6578185905020768,0.13256580415895058,0.15865655601079737,816.5519227321774,4927.677558554126,12,4,0
synthetic_26,663.0544058216195,58.47708426627496,92.05908952577222,30.542323167090995,9282.761681502674,1288.827253360811,110.11743261023861,5661.104295609131,709.8425948142292,86.21845535520977,7.19690304055465,570.9953162958474,0.011861294633364064,0.5333249463587575,0.12860626355745383,0.47411791754041677,85.27294966802616,530.4435246572957,14,3,1
synthetic_27,2116.0626619119284,911.7961875996439,751.0183671956474,153.48343489757937,21160.626619119284,7510.183671956474,24.818712525486635,10235.120442322432,2491.172431573998,4995.447770971738,2.8172159733124293,1365.044294716281,0.0011728168619638726,0.3659429471150326,0.0241700758754212,0.4526060272927326,51.14539509555707,1692.8501295295428,10,4,0
synthetic_28,1011.2441388396946,148.22196202030472,327.93024768352876,146.3670276567759,9101.197249557252,2951.372229151759,946.1419991537723,2034.3255326998362,849.0162241363664,366.75297781080906,3.082672692722117,683.3138911561659,0.10394654974103033,0.13022232721018273,0.24698975078080818,0.005271618076575619,249.7669378305692,808.9953110717557,9,3,1
synthetic_29,539.06254726694,69.50879630919867,165.5470607925625,14.210500585576407,4312.50037813552,1324.3764863405,151.3061576526805,1364.7688466052741,671.2766434585392,2937.538575968166,3.2537927317865543,373.5154864743775,0.03507734887879656,0.16077249156205986,0.04281732155579774,0.24918921438171776,23.081214425015986,431.250037813552,8,4,0
synthetic_30,1400.5454791000093,272.6131061399762,338.14950711613994,95.76472497234516,22408.72766560015,5410.392113858239,2932.0261317094387,19571.235138956257,449.79284865901,475.87500747691166,4.141028259292612,1062.3959719838695,0.13083720496122847,0.8532652683526113,0.07816574220601635,0.2542237671297685,109.47467686713298,1120.4363832800075,16,4,1
synthetic_31,7883.714457366886,2326.60502078856,1395.6296367651114,663.0897064767836,70953.43011630197,12560.666730886003,2846.271482273254,37769.51504941439,3819.4963830684715,34854.947790610015,5.648408896396304,6488.084820601774,0.0401140771282062,0.47847637717191405,0.21743242278601643,0.01730010675809536,1714.1751350184268,6306.971565893508,9,5,0
synthetic_32,8545.43800898314,4149.059018586301,1744.794103855879,278.38231212622657,76908.94208084825,15703.14693470291,447.0714644317151,10945.59833996029,14363.872952814618,14582.845247714959,4.89736516097512,6800.64390512726,0.0058129216111195425,-0.0444451591090917,0.005584062157614501,0.00558703011914506,47.71825700620335,6836.350407186512,9,5,1
synthetic_33,8651.434073819653,3455.3102517841035,986.6855424669736,431.02228867596386,69211.47259055723,7893.484339735789,6524.689151745819,42372.26677026395,2194.5781588535897,23322.28167639646,8.767066930792542,7664.7485313526795,0.09427042421015881,0.5804978078025184,0.21267169997921964,0.0437493781758843,1839.9151917373713,6921.147259055723,8,4,0
synthetic_34,4877.808226332874,1250.398118291339,1034.0868137210055,403.0790121485057,53655.890489661615,11374.95495093106,8326.019960182408,36777.23493378173,7244.515214056137,4995.703325535278,4.716605394544937,3843.721412611869,0.1551714958545097,0.5503993886007209,0.23574484283238345,0.0316644531058441,1149.9181336833506,3902.2465810662993,11,4,1
synthetic_35,4164.938505836999,1147.1435370370634,1313.1194495010702,474.96851072237814,41649.38505836999,13131.194495010703,521.0632197859835,6735.079560850331,2999.2961476805986,12802.412805533688,3.17154799026117,2851.8190563359285,0.012510405823517628,0.08969385055946791,0.25637742877069564,0.14762222091913488,1067.7962251145527,3331.950804669599,10,5,0
synthetic_36,2522.18765174604,422.61631803984426,637.453847448262,161.74362967084764,27744.064169206442,7011.992321930882,7.554631506272428,3338.056453847089,1294.146723035539,14640.531025216276,3.956095044114876,1884.7338042977783,0.0002722874043541455,0.07366750778972912,0.2525449911337585,0.07361416166851235,636.9658581478789,2017.7501213968324,11,5,1
synthetic_37,3404.8959977812647,588.8479181597359,696.9574107248237,8.568016816416927,40858.751973375176,8363.488928697885,47.82399033011014,5298.4603500839685,2240.640419593577,2314.793774315207,4.884787620818303,2707.9385870564406,0.0011704425019827083,0.07483696750002086,0.1473138154942594,0.03136220226975697,501.58822079429143,2723.916798225012,12,5,0
synthetic_38,2699.5061725819196,861.8523685364594,489.9535119523781,7.627126625341384,32394.074070983035,5879.442143428538,1353.2556215130082,12381.869924534585,2191.671810931392,894.0036283768222,5.508782040681037,2209.552660629541,0.04177349983975336,0.31456011155507047,0.32487041758460655,0.02591358902693988,876.9896975589112,2159.604938065536,12,5,1
synthetic_39,1515.662169362696,151.96387114074705,779.5088596335237,310.8521925140166,15156.62169362696,7795.088596335237,299.00848146783835,2763.188978499173,2610.342844513909,1866.824946309218,1.9441315354922648,736.1533097291723,0.019726609326419384,0.0100837807589253,0.030441063527511077,0.18457040172270137,46.138368383815084,1212.5297354901568,10,4,0
synthetic_40,3671.599980182968,161.30531825945846,215.88672791753487,74.42316810040423,40387.59978201265,2374.7540070928835,3396.8244526736353,7262.643516419494,1613.5961720680866,539.1229032427269,16.999908097149067,3455.7132522654338,0.08410354582746479,0.13986737284384024,0.2518430572431144,0.09887419228678034,924.6669639830369,2937.2799841463748,11,4,1
synthetic_41,1553.9913993454677,677.3720822874991,247.69314336532992,61.6998315097103,15539.913993454677,2476.9314336532993,757.7287402690952,12854.289526221572,1032.0129473602226,4380.196627521746,6.271325260418384,1306.2982559801378,0.04875702552554024,0.7607195164866432,0.33495706467130426,0.06904958417248631,520.5203976492104,1243.1931194763742,10,5,0
synthetic_42,2508.3305719363048,347.18781348323216,660.4731111170389,43.448459159234126,35116.628007108266,9246.623555638545,1972.783599897912,16586.506445489635,7923.965577740756,15700.273284680361,3.797367809776019,1847.857460819266,0.05617644789387811,0.2466721518319935,0.17866615655763732,0.5862031378813907,448.1537826638797,2006.6644575490438,14,3,1
synthetic_43,3218.9866725996885,542.404366778036,630.3115224502201,222.74491180409737,35408.85339859658,6933.426746952421,271.3491868801096,22490.64431203749,5243.200426816913,7736.257667438207,5.106240889221052,2588.6751501494687,0.007663098285825272,0.48708035277842066,0.01606383347376253,0.15831059603147454,51.70926586290234,2575.1893380797515,11,5,0
synthetic_44,7452.670285237703,1694.5131047978723,1240.9569576525278,18.597967449161523,81979.37313761473,13650.526534177805,1867.2519444756495,46181.88136862009,3811.603519178853,46791.418724300835,6.0051433026462,6211.713327585176,0.022776816852751132,0.516834410820712,0.13080407145731318,0.00714531165857713,974.8396165380271,5962.136228190162,11,5,1
synthetic_45,9004.916031899582,971.0683187542944,2599.3251690797633,854.9769288078076,81044.24428709624,23393.92652171787,18899.62117390913,28527.295082105687,9084.76775223621,20028.63270858593,3.4641803303746914,6405.590862819819,0.2331983985014438,0.23989720187647154,0.3725177093292212,0.16209356585944404,3354.490692905212,7203.932825519666,9,4,0
synthetic_46,14683.872522996837,2852.768813415726,2770.6887478237413,101.40156118589556,132154.85270697152,24936.19873041367,4732.24631297072,95445.43844767056,21489.148329107404,49588.7767627159,5.299506738332805,11913.183775173095,0.03580807218174064,0.5596141873681982,0.19206885077576272,0.3893198966488991,2820.3145204298016,11747.098018397468,9,4,1
synthetic_47,6367.285946924786,775.1607026576216,2481.7346356587746,318.6256508687827,70040.14541617264,27299.08099224652,953.495742590187,12660.804108164955,17947.07794061261,3927.4792478311406,2.5655654807787824,3885.5513112660115,0.013613365928336502,-0.07547383471583037,0.2959236151414056,0.6052561205232342,1884.2302760530504,5093.828757539829,11,4,0
synthetic_48,3729.0699338960667,80.94418551159066,1696.7506814994065,750.1389596362955,48477.909140648866,22057.758859492285,564.6509706186171,13024.090043754853,10845.586353256022,14063.837025199382,2.1976716572967088,2032.31925239666,0.011647353057809739,0.04493714337050105,0.10663002699362409,0.4299089152776898,397.63082771244956,2983.255947116854,13,4,1
synthetic_49,2476.774384390407,29.273722201387244,434.41078627327636,84.90689052012638,39628.39015024651,6950.572580372422,1626.049375949971,31711.676274704736,651.323946702052,4154.511250107662,5.700636754068598,2042.3635981171306,0.04103140042743898,0.7837706361426174,0.0672149621331022,0.02834658440384582,166.4762964590387,1981.4195075123255,16,5,0
synthetic_50,3766.0647854496,1657.2174300379115,705.2905322274253,236.09140547552497,45192.7774253952,8463.486386729102,8279.886914094506,34306.22726372283,4874.767183952568,899.128157845828,5.339104508012431,3060.7742532221746,0.18320856068654018,0.6512281503433743,0.2060021356703349,0.5929979943101207,775.8173888754592,3012.8518283596804,12,3,1
synthetic_51,999.9319586602007,496.20798612557985,141.83462480528374,44.22302104590808,11999.18350392241,1702.0154976634049,63.96120955360224,9302.984514083073,509.6987882225623,1064.3448876873063,7.045845161353903,858.0973338549171,0.005330019289513007,0.7327626050873568,0.17661226581474807,0.5653866994942028,176.60024887955706,799.9455669281607,12,3,0
synthetic_52,3235.1460687642425,615.6859757854284,732.5756141648476,111.60025372398214,38821.75282517091,8790.907369978171,219.27495640062529,16278.29860159532,1812.2225930442528,2251.499561597254,4.415623503693408,2502.5704545993945,0.005648104280190491,0.3726185021885393,0.19463064600790994,0.012440883435074282,629.6585692935347,2588.116855011394,12,5,1
synthetic_53,3154.7039168971855,1523.4414774080838,1064.5007177363384,56.24006611800499,25237.631335177484,8516.005741890707,1114.6302771469009,8832.373801158767,5145.181574060921,2766.899647330708,2.96320468718798,2090.2031991608474,0.04416365778097224,0.14609319254006672,0.30439630813729235,0.40795511330891293,960.2802255697588,2523.7631335177484,8,4,0
synthetic_54,7704.455951337653,2030.2838716179165,1121.727774495602,232.27042282834387,84749.01546471418,12339.005519451623,5822.165232561565,59526.89318274704,5876.855768415688,536.358411373808,6.867826382340252,6582.728176842051,0.06869810230283244,0.6330386740362147,0.733899112301904,0.14378015702254954,5654.293383455824,6163.564761070122,11,3,1
synthetic_55,2900.6654654357358,217.62048990629324,420.1498400820429,82.86957267867987,43509.98198153604,6302.247601230643,1240.7332810286498,15227.517328153042,1750.3940217677177,6884.654189535534,6.902788012490762,2480.515625353693,0.028515405181045034,0.30974072964164234,0.3662998757126517,0.03910186539092529,1062.513399473091,2320.5323723485885,15,5,0
synthetic_56,22323.322155834114,465.1387926575387,7153.936096924584,43.311629030789355,267879.86587000935,85847.233163095,43170.77364896305,159224.64627326938,54903.731431981345,29680.82535061564,3.1203888070834203,15169.386058909527,0.16115661530641723,0.3894302584937527,0.022146019863845286,0.03278321135284788,494.3727358901198,17858.657724667293,12,4,1
synthetic_57,11250.795788079931,3622.217631833653,4751.346108218892,1429.8738742635696,146260.34524503912,61767.4994068456,5313.9366676377695,74032.93371947388,51552.76298220496,106810.54622766146,2.367879204603594,6499.44967986104,0.03633179127906324,0.15369864607498815,0.041060470505790196,0.09107935571730853,461.96296862312465,9000.636630463947,13,5,0
synthetic_58,2522.1784874706386,952.175254911101,659.9182004266878,216.50656955558057,32788.320337118304,8578.936605546942,300.03806056204695,17191.870303104282,4094.8646518413725,15414.308021078436,3.821510792506393,1862.260287043951,0.009150481238319436,0.39942900665851194,0.593106580031123,0.23415089220713167,1495.9206569317814,2017.7427899765112,13,4,1
synthetic_59,10826.506958003243,866.5083348073199,4214.158058985233,429.91920699577025,108265.06958003243,42141.580589852325,3677.1708675312093,73392.16987826463,38517.90889976641,17207.0170412738,2.569018509656763,6612.34889901801,0.03396420394492082,0.3221162559403569,0.7843111390306199,0.6978686679679381,8491.350003954456,8661.205566402594,10,3,0
synthetic_60,721.7178456884087,251.02001505571968,82.80505337305736,3.8500474468746058,10104.049839637722,1159.270747222803,279.28300739604725,1973.449813593777,982.9578164939464,1127.3981349397657,8.708355238484241,638.9127923153513,0.027637964367136645,0.09801950636745606,0.012077011806455361,0.3778707442972688,8.716194943308441,577.374276550727,14,3,1
synthetic_61,951.7580809665569,156.1800526811642,229.75990698136275,84.51294434860795,10469.338890632127,2527.35897679499,2490.557070937611,6996.141589944708,888.1788765790651,1679.3477648198636,4.140764419419317,721.9981739851942,0.2378678567095786,0.5833586455191505,0.17693812109092802,0.06219031801406707,168.40228657932994,761.4064647732456,11,3,0
synthetic_62,1870.5045721502117,816.2229618926236,102.25925299172424,24.694018038852022,18705.045721502116,1022.5925299172424,129.23600911489243,5271.538661016226,576.8057089129352,10097.62845844995,18.273917769812584,1768.2453191584875,0.006908782916441767,0.25097409800013565,0.04114921717948232,0.5172270635993869,76.9697988746237,1496.4036577201693,10,4,1
synthetic_63,7432.25526192007,1671.2906552740644,1131.6723047340945,35.451447576647595,74322.5526192007,11316.723047340945,7829.229323250972,16920.0569788322,6090.31255860157,24757.444257391515,6.566917418664215,6300.582957185975,0.10533981554089994,0.14571080146985438,0.19377318400391447,0.11363752842735476,1440.171766432099,5945.804209536056,10,4,0
synthetic_64,592.8065861113434,33.818366364555,314.1783446404572,88.16202329855274,5928.065861113435,3141.7834464045723,229.6898476766208,3230.7156903033638,1296.1132086961777,619.5361291123346,1.8862470043538315,278.6282414708863,0.03873963505500455,0.32629127874856867,0.011230368767357321,0.013929782050047742,6.65743656974855,474.24526888907485,10,4,1
synthetic_65,1562.489748885047,128.6759944070999,225.6238561595708,99.02970364276042,23437.346233275704,3384.357842393562,2452.6580511259344,14142.60389915463,1891.1575426783554,7517.479332180894,6.923151797951354,1336.8658927254762,0.10464296528071021,0.5227095049514521,0.6952283407706377,0.17493773135788443,1086.2871555884815,1249.9917991080376,15,3,0
synthetic_66,1905.839941083213,872.0076010293564,769.9859039079942,121.95101312012584,19058.39941083213,7699.859039079942,1812.971956746883,13187.26514390187,3333.2923479675474,853.0958811941194,2.4748407046688556,1135.854037175219,0.09512219759225503,0.517013814734055,0.31065277579665307,0.5296859098178439,592.0544679216299,1524.6719528665706,10,3,1
synthetic_67,1030.3012063811382,454.3256166611438,234.9044691733877,104.56279768574022,17515.120508479347,3993.3759759475906,88.41826497188376,5736.14866992874,2382.1822328883895,1600.260482932332,4.384945386700664,795.3967372077504,0.005047822371916288,0.19147884004433144,0.10033309273635468,0.04441455291444481,103.37330648621683,824.2409651049105,17,4,0
synthetic_68,2014.732781519527,453.6684401950719,173.49661753646876,72.99415214727205,30220.991722792904,2602.4492630470313,940.7690520076402,10005.168585015097,865.4264585928956,1943.529560447112,11.608058644255193,1841.2361639830583,0.031128625162653606,0.3024202445111904,0.6675755668232662,0.008552077909467999,1344.9863786203139,1611.7862252156217,15,4,1
synthetic_69,4983.600245363601,2170.8674357840077,1176.8354198019072,533.8096224014497,69770.40343509041,16475.6958772267,4614.614371728106,35006.40450013296,11710.824387493129,26934.698999499884,4.234489970256945,3806.764825561694,0.06613905044953215,0.33388435613613715,0.1400627018905072,0.20922602019903253,698.0165155078206,3986.8801962908806,14,4,0
synthetic_70,1169.7686789617046,485.09995072490955,454.49424239337753,54.9696761070674,17546.53018442557,6817.413635900663,17.59456290288983,4863.605827046717,1738.734180924351,4949.298583483998,2.5734035981681536,715.2744365683271,0.0010026803041778497,0.17808042575107622,0.0198855651160097,0.25466664594539823,23.26151123616162,935.8149431693638,15,4,1
synthetic_71,3197.268604211636,101.73854060283116,1774.365375055064,807.0051663148772,38367.22325053963,21292.38450066077,1782.2429745693087,24891.000740201212,3612.1576269761795,12198.369854283334,1.8018377139317159,1422.9032291565718,0.04645101658556061,0.5545954779890871,0.16414321780641808,0.15222025404231238,524.809956886733,2557.814883369309,12,5,0
synthetic_72,3371.809445783141,1253.6284951955008,1412.5161837182845,255.5616751403896,40461.713349397694,16950.194204619416,1337.707243138626,7366.079703087485,3602.0282020659934,8586.910880999041,2.386953559789396,1959.2932620648564,0.0330602456535095,0.09302518762196457,0.6286340106446371,0.03525704525543967,2119.634095032127,2697.4475566265132,12,4,1
synthetic_73,8742.98670555912,2157.5355952439118,2967.5409587602567,609.8609378820946,69943.89364447296,23740.327670082053,6488.45710294471,49573.11476024196,13096.010417392738,9172.077359578232,2.9460818121226504,5775.445746798863,0.09276527227170109,0.5215120424410229,0.27909378641828547,0.25290309966362773,2440.1132642592265,6994.389364447296,8,4,0
synthetic_74,2701.0932237151023,859.0773602943908,522.9710603217129,31.52428142867224,32413.118684581226,6275.652723860555,3389.9111792107774,24251.67549178028,5193.177495334592,5424.301048024556,5.164077114122226,2178.122163393389,0.10458131569757265,0.5879690323189768,0.145208590514724,0.13145729957807598,392.2219398645421,2160.874578972082,12,4,1
synthetic_75,11997.640687492178,4933.564066313216,2848.182399903962,829.104111647751,155969.3289373983,37026.371198751505,2580.9484430758102,106034.6229406536,16031.88114891835,41077.47818701587,4.2122711898774305,9149.458287588215,0.016547688657576172,0.5770504069902911,0.14639141224742308,0.3146163726019106,1756.3515638791237,9598.112549993743,13,4,0
synthetic_76,867.5308976896654,428.5758643343182,212.24116776751023,2.9222127907910784,10410.370772275985,2546.894013210123,367.953273023041,8183.728249659405,2114.1855372789337,407.80939869572927,4.085872771120425,655.2897299221551,0.035341482026828665,0.5829724870180216,0.10909407481019129,0.42117244887478933,94.64248065270876,694.0247181517324,12,3,1
synthetic_77,2677.6581208805433,516.1345412074733,1278.230793262514,346.2118860404804,32131.897450566517,15338.769519150168,2288.89726068791,28329.690716343423,2977.453022682234,10766.79741705236,2.094679285138741,1399.427327618029,0.07123220880436214,0.78898075508638,0.1746324744226292,0.1459365670891224,467.6060633072168,2142.126496704435,12,4,0
synthetic_78,1871.863135936858,445.078548506219,424.02066192809906,184.44244946542173,22462.357631242296,5088.2479431371885,172.3705806584223,12945.090570208919,1112.6982478100006,1182.6134491507955,4.4136889933870505,1447.8424740087587,0.007673411227655804,0.5267419286394787,0.317848857680931,0.5477597501819632,594.9695594925756,1497.4905087494865,12,4,1
synthetic_79,2821.7315473615913,1167.5181242730073,724.4596337475318,39.57875489131081,33860.7785683391,8693.515604970382,2392.6523449738597,16455.93048254837,3209.421478794777,9070.069868437029,3.894498567462683,2097.27191361406,0.07065938193840177,0.39119353925901384,0.06632987637364912,0.07948887654004595,187.16510469612,2257.3852378892734,12,4,0
synthetic_80,7732.017049448892,1139.001097823553,2118.353717960609,151.30371860773633,100516.22164283559,27538.59833348792,5785.9916692890965,81594.54995081709,23672.809389784034,24308.778048169614,3.6498797268444076,5613.663331488282,0.057562192574803384,0.5762369832190986,0.37810832075452694,0.01586880062006356,2923.5399826124926,6185.613639559113,13,4,1
synthetic_81,5763.185669537283,144.73091475359442,3554.757106949341,499.45136979024403,57631.85669537283,35547.57106949341,4548.588977872147,50885.38909074981,29400.430001696688,1142.2051293043687,1.6212144387663041,2208.428562587942,0.07892353838912412,0.37279011176931803,0.07973622395719483,0.041755940253435445,459.53466325312064,4610.548535629827,10,4,0
synthetic_82,6681.665732762246,2747.9512748207635,580.3199023150307,224.97440113114138,113588.31745695819,9865.438339355522,2783.4151717741693,70897.16816521027,6729.62114131087,7551.404750742474,11.512595888211653,6101.345830447216,0.024504198406059392,0.564908289445564,0.2815088909976969,0.1831558030506579,1880.9483104472138,5345.332586209797,17,5,1
synthetic_83,4404.864819489926,196.65414266583957,2536.4583937060706,892.6521140227211,48453.51301438919,27901.042330766777,9.596311355597212,27170.670107162485,20854.16844986369,21493.859521859657,1.7365579350784976,1868.4064257838554,0.0001980478341150073,0.13035940853276204,0.37685386516001756,0.12340090568251345,1659.9903327321617,3523.8918555919413,11,5,0
synthetic_84,1894.5783591224547,778.8421104340724,783.5401797898039,344.81908433710385,17051.205232102093,7051.861618108235,168.87305214339156,9312.525108944486,2764.207951502519,8184.476367707619,2.417629347543569,1111.0381793326508,0.009903296954547263,0.38401585415558187,0.3916041283746432,0.0037817904399790976,741.9247069616107,1515.6626872979639,9,5,1
synthetic_85,2371.7896711401318,584.4855653316135,127.36395618428955,29.55449777698847,30833.265724821715,1655.7314303957642,3060.431932560459,15963.209030294218,1272.037064298519,134.3202433426656,18.610901658005115,2244.4257149558425,0.0992542504456916,0.47645603424145244,0.761253134731319,0.0003240918094325536,1805.5323220787895,1897.4317369121056,13,3,0
synthetic_86,3514.8806220532333,1488.6588432330475,897.9480497313224,205.62819929123688,42178.5674646388,10775.376596775868,1158.9240940054567,9623.004236499553,4133.951215474688,4547.973750401006,3.9139841750944377,2616.9325723219113,0.02747595965693673,0.13013535583613103,0.06268209652174406,0.294005721415472,220.3200864139486,2811.9044976425866,12,5,1
synthetic_87,4906.036911304844,952.1776409808743,2631.1455215314395,382.1798145410312,44154.33220174359,23680.309693782954,1285.7445388803285,35668.97751175586,11094.39437098457,2448.2073505344183,1.8645223922448602,2274.891389773404,0.029118669813326812,0.5565484827175844,0.16928449207727733,0.03907960803269387,830.5159666426149,3924.8295290438746,9,5,0
synthetic_88,717.693679325628,17.93481648394292,187.69804773339666,18.481285137216183,9330.017831233163,2440.0746205341566,1232.0926412325348,6556.7270165787395,1051.3925271050427,4845.5988806762125,3.8220944795172076,529.9956315922312,0.13204268425127472,0.5900036404438128,0.2255629998847691,0.13873216284225567,161.88513930702612,574.1549434605023,13,3,1
synthetic_89,1145.4623380550506,323.6419716013515,422.8611542804229,75.48692025157075,12600.085718605556,4651.472697084652,1303.4487307123002,2234.0526802736276,2920.4190642142407,540.9865544419382,2.7082557037897423,722.6011837746277,0.10343939878035689,-0.05446882905710182,0.3323673099577606,0.6459388367618673,380.71423595728413,916.3698704440405,11,2,0
synthetic_90,461.02858548752243,181.54132052773218,313.24491391576066,37.65186838738451,5993.371611337791,4072.1838809048886,91.98767210497729,2793.003773998913,3247.421853853598,451.4117453939076,1.4714218131508265,147.78367157176174,0.01534567392034742,-0.07580745894952455,0.07403012506756829,0.41551811286293927,34.13000384336538,368.82286839001796,13,3,1
synthetic_91,2623.988794385395,652.7694983957692,1695.9326581123478,725.0368212998167,31487.86553262474,20351.191897348173,366.2523824936842,22389.00252830869,16667.07289160896,4591.744178215602,1.5471486162985477,928.0561362730472,0.01163117109170606,0.18171279085209968,0.12268461144505435,0.8524614118563716,321.92304567534876,2099.191035508316,12,3,0
synthetic_92,1005.0112969107333,115.78567421220004,90.28114743602913,38.29840836907029,9045.1016721966,812.5303269242622,313.03485373397814,2939.400698638253,96.82001940647332,550.510201700981,11.118333727512876,914.7301494747044,0.03460439259665828,0.31423266974419667,0.2592423357070089,0.5314842924172088,260.54147602306875,804.0090375285868,9,3,1
synthetic_93,5712.717406655578,847.0814862875352,511.2114153523283,130.0753305915682,68552.60887986694,6134.53698422794,1247.5310319368791,33314.75516035631,4589.617160365968,5380.213820781649,11.173041423446525,5201.50599130325,0.018197889977215456,0.4190171526976524,0.28823123555528,0.33744530340309686,1646.5835964984924,4570.173925324462,12,4,0
synthetic_94,1000.5439927889868,393.31667123327435,230.48757449556464,1.3158516559799605,11005.983920678855,2535.3633194512113,649.3452156297814,6016.1453820625275,1094.108536734818,551.6473940597826,4.339277356786646,770.0564182934221,0.058993927883355446,0.44717398342707343,0.37375275909151456,0.05142297959677504,373.95607789732423,800.4351942311895,11,3,1
synthetic_95,5963.894056620123,2005.9646945165039,960.3596401249202,399.9083404687429,53675.0465095811,8643.236761124283,5682.421617688273,10783.583293255739,2490.040564712337,4855.011287162969,6.209344791546413,5003.534416495202,0.10586512955409204,0.15451105787127997,0.3639530070536686,0.4622358927118181,2170.577175656396,4771.115245296099,9,3,0
synthetic_96,9112.467555781064,906.6547050616724,4832.313988279114,667.630346534179,109349.61066937278,57987.76785934936,4148.533141992137,30932.40759177719,36013.33602927887,16248.868271324116,1.8857032957588986,4280.153567501951,0.037937905573618064,-0.046464563905035054,0.06450997134503118,0.35057032652198017,587.8450209059628,7289.974044624852,12,4,1
synthetic_97,1725.5824340642946,516.8504084039979,620.8103503004922,299.54576477819484,22432.57164283583,8070.534553906399,251.96565861680355,12491.082315680906,1668.224524232927,4989.2306021054765,2.779220170962297,1104.7720837638021,0.011231633670658454,0.48244024463684826,0.16072815876463198,0.1575897853964193,277.349687423746,1380.4659472514356,13,5,0
synthetic_98,9176.061489144471,865.030095777837,1981.7360702275535,741.550130073589,100936.67638058918,21799.09677250309,15683.150661842272,41160.27626944765,7545.225679781477,9655.431440973147,4.630102216238906,7194.325418916917,0.15537459573280032,0.3330277830343488,0.44399142609166037,0.028021733814123744,4074.092626470019,7340.849191315578,11,3,1
synthetic_99,5896.133438858944,1983.670572640976,2541.6277905460934,691.645502694753,70753.60126630732,30499.53348655312,588.5647539181325,46214.47669452495,23630.37689524912,24581.19736684977,2.319749629871252,3354.50564831285,0.008318395459581249,0.31918913250989045,0.1636137942681094,0.33660972375741477,964.6887634427876,4716.906751087155,12,4,0
synthetic_100,21862.220901636065,10234.586886237386,4236.783225517826,46.42101188460752,284208.87172126886,55078.18193173174,5946.225275694794,128927.69487854515,31515.988849505306,7225.120581586734,5.160005318770592,17625.43767611824,0.020921951935316284,0.34274568099651986,0.2737971168076526,0.028481405196985277,5985.813049879955,17489.776721308855,13,5,1
synthetic_101,1007.1194178688941,259.33610010302107,261.59784146593023,103.23865270246282,9064.074760820047,2354.380573193372,216.8138987261063,1051.85440090293,145.47520059412628,2366.5358713297014,3.8482421329183243,745.521576402964,0.023917497036339146,0.09998584945225654,0.3179887858535891,0.04298531608027312,320.25268089770304,805.6955342951154,9,4,0
synthetic_102,1963.7931967403545,162.292278634719,306.38982417252873,24.719960121672873,25529.31155762461,3983.0677142428735,120.1855141196062,14235.752225105307,794.9575609729807,2188.0010993239393,6.407850816982452,1657.403372567826,0.004707561591966271,0.5264641848884231,0.6563391974286824,0.09891405378876826,1288.914450664471,1571.0345573922837,13,4,1
synthetic_103,1251.0109558765341,312.82326601071264,390.5979843936547,22.53645732245607,16263.142426394943,5077.773797117511,790.3994101877566,6947.911066882097,4629.986241806671,4443.466580282866,3.2021789266584757,860.4129714828795,0.048597668998829224,0.14251749427093582,0.07856558474761373,0.047742269249468165,98.2864072741111,1000.8087647012272,13,4,0
synthetic_104,3946.7052838848485,1649.955078598856,2089.822052073014,827.1078936373618,55253.87397438788,29257.5087290222,1522.3349155272053,26338.120577136746,11918.884332416194,20632.805045439025,1.8884719821547251,1856.8832318118345,0.02755114265997328,0.26095863057083896,0.3066981605446402,0.1829587466416853,1210.447250779295,3157.3642271078793,14,5,1
synthetic_105,456.43545268969496,50.23330634073249,196.42568468183595,45.59418454772963,5020.789979586644,2160.682531500195,236.4431097721929,3502.261755727808,1622.5459198813683,825.3811555721152,2.3226305928013606,260.009768007859,0.04708343254762222,0.3743119173616185,0.27129912504390025,0.02937413776364494,123.83053895373077,365.148362151756,11,4,0
synthetic_106,12129.186931360495,1030.2592392384759,4114.353539329705,1560.8115334872257,145550.24317632592,49372.24247195646,5454.35817074177,83747.6200471908,17507.360726980045,15330.167458700205,2.9479579604073423,8014.833392030789,0.03747379996015676,0.45509923429485905,0.7056009533966641,0.2422366318671104,8558.365862694323,9703.349545088395,12,4,1
synthetic_107,4968.096702635294,1977.902262468058,2770.5748960630326,881.561304458258,64585.25713425882,36017.473648819425,1521.6042113540739,47073.53878365837,17444.894802236955,1103.8253258060754,1.7931147711578757,2197.521806572261,0.023559256703651922,0.45874533215062774,0.18804388923871113,0.009581534412752762,934.2202260775571,3974.4773621082354,13,5,0
synthetic_108,4228.700638955284,82.41593909288254,224.4853077348413,36.51148228309689,46515.70702850813,2469.3383850832543,5385.6189739724605,19512.25391582924,858.8053133838004,375.8848740756241,18.829690421921885,4004.215331220443,0.11577816483595543,0.4010053547215525,0.6965250554872784,0.04981841830788375,2945.395947187419,3382.9605111642277,11,3,1
synthetic_109,5552.868890022663,2116.4832641870044,2337.945782600259,730.1568897711222,77740.16446031729,32731.240956403628,5206.467032609782,38725.258052476565,9403.823593467365,7395.250640365132,2.3750333673719477,3214.9231074224044,0.06697181691004134,0.3771674204079645,0.045909863907188916,0.1571804662886262,254.93145503540364,4442.295112018131,14,4,0
synthetic_110,21039.51118122579,7127.466982969869,2018.7681532715153,654.725834448072,252474.13417470947,24225.217839258185,3722.8901347335363,89809.18285357367,16587.49010092967,53018.25757129857,10.421524971412554,19020.743027954275,0.014745571467475072,0.2900154622830126,0.7037446269961835,0.01247431643559879,14806.442948413775,16831.60894498063,12,4,1
synthetic_111,4386.659655025853,1279.1297861522112,1207.0592575860105,255.49530240581265,48253.25620528438,13277.651833446116,176.30583853401683,22690.806125793133,8303.145498721928,24061.48328158576,3.6338972367469284,3179.6003974398423,0.0036536847192084453,0.29816355609882134,0.4182637543301506,0.33028719089025976,1834.7807362797166,3509.327724020682,11,3,0
synthetic_112,1778.5796158434669,867.3627078293842,447.87266323546123,47.20423389143718,17785.79615843467,4478.726632354612,350.7929691474639,14677.941730269207,2819.14403510439,1959.2916243143566,3.9702860504874575,1330.7069526080058,0.01972209981060105,0.6667191544521783,0.34866242497375877,0.31545342647565794,620.1238818688795,1422.8636926747736,10,4,1
synthetic_113,2888.6970440262194,436.799174143081,485.1957055424618,122.63533982762765,34664.36452831463,5822.348466509541,381.1125271444981,32161.18673864618,3985.9609462794742,18167.26736727715,5.952651593438323,2403.5013384837575,0.010994043545487766,0.8127774271449882,0.423146984569943,0.2521779722239918,1222.3434435158026,2310.9576352209756,12,4,0
synthetic_114,2255.476653442118,220.09676156013754,898.0648703518902,376.3926472169188,33832.149801631764,13470.973055278353,801.5976085932766,25568.872207997618,6936.206556213606,9392.41799725447,2.5112988025444603,1357.4117830902276,0.02369266867829775,0.5507221692638669,0.34349141972818237,0.02655096965783907,774.7368778546025,1804.3813227536943,15,5,1
synthetic_115,1654.299893543041,180.90579969606173,302.9809590540418,146.93463443052016,21505.898616059534,3938.7524677025435,958.5117208328359,5866.374953114849,971.7316302793477,2261.3826736814167,5.458692847421616,1351.3189344889993,0.04456764026948545,0.2275848047742502,0.0828402405362463,0.238358762120822,137.04260110019217,1323.439914834433,13,5,0
synthetic_116,369.80394299314764,17.33946458502257,95.69966100310123,43.46843932918019,3698.0394299314767,956.9966100310123,82.68758908020249,2830.95855119702,716.2250047768475,202.70770356519316,3.86018007914638,274.10428199004645,0.02235380039777901,0.5716980276848109,0.8338279302254632,0.42308692927203856,308.3528563751915,295.84315439451814,10,2,0
synthetic_117,16725.614901992558,1343.7324282512066,4966.2818521483605,1799.2796610345858,200707.3788239107,59595.382225780326,4064.3436520300183,155153.74115578606,38600.60383602452,40104.68184787018,3.3677778973819703,11759.3330498442,0.020249994922214114,0.5807088772413341,0.004916790880445817,0.2325257398494856,82.23635081996566,13380.491921594046,12,5,1
synthetic_118,6279.246780620376,94.51482133356582,1599.0545759414626,488.8818427760422,56513.221025583385,14391.491183473165,3931.739476873486,26270.314833710978,7091.700253443617,7038.428108070152,3.9265767340178934,4680.192204678913,0.06957079838530605,0.33935908930931574,0.11583694354135796,0.26326949640273684,727.3687548089762,5023.397424496301,9,4,1
synthetic_119,2463.8905253074245,113.78311506300777,1106.8299371303613,247.21850606038356,19711.124202459396,8854.63949704289,616.7877710160716,9883.098447175125,4231.50323334232,1984.5523684503003,2.225827305757129,1357.0605881770632,0.031289766880583963,0.2867065545948458,0.24486423545246114,0.27578258003257355,603.3186697179653,1971.1124202459396,8,5,0
synthetic_120,986.049432363016,93.97535885293522,277.72235972390877,16.648218694560658,11832.593188356192,3332.668316686905,140.3981066807016,10633.427641285258,2435.5625703908727,2549.184907836427,3.549421257396045,708.3270726391071,0.011864368197045005,0.692762117170022,0.21759146744492425,0.6334714017852181,214.55594296110323,788.8395458904129,12,3,1
synthetic_121,1141.3347669938653,471.68573883542194,270.51194627623835,16.056114233430804,13696.017203926383,3246.14335531486,1013.3597698110302,3740.8381926429192,1998.9323018507073,152.1380806244297,4.217866507651722,870.822820717627,0.07398397437367171,0.1271741040299546,0.5738477773322117,0.08261903263143368,654.9524192314074,913.0678135950924,12,2,0
synthetic_122,8801.619819164878,3611.727797058705,2815.138208945659,461.93530070779104,79214.5783724839,25336.24388051093,947.8786904858998,34094.63311346588,9317.22564957532,60481.878216764846,3.126408647525183,5986.481610219219,0.011965811649178747,0.3127845301764176,0.4547888554200311,0.06807769139002467,4002.878603400256,7041.295855331902,9,4,1
synthetic_123,4691.505033158202,2278.079684937234,697.9463445089675,40.60598968658041,56298.06039789843,8375.35613410761,2493.2918191914005,22313.703496900456,657.7489187545452,2892.57842972014,6.721068146644203,3993.5586886492347,0.04428656182838305,0.38465925408151747,0.04627761295723664,0.044490102572271616,217.11165411142292,3753.2040265265623,12,5,0
synthetic_124,2136.960124589587,447.8885453568093,139.32713930762563,66.74592065093142,25643.521495075045,1671.9256716915074,3281.621144146179,12606.404405558884,1216.866389297356,7596.9129613671585,15.328548021590638,1997.6329852819615,0.12796577798405812,0.44413143050646725,0.44944960280678137,0.12543560816591778,960.45587921072,1709.5680996716699,12,3,1
synthetic_125,4064.3088509742574,983.6045484517992,159.56080874853666,3.132929747739673,60964.63276461386,2393.41213122805,1505.9822097741533,47776.00508603376,1391.7629793270617,4263.200546168673,25.46121111295332,3904.748042225721,0.0247021500718068,0.7608260589338031,0.17548932260504305,0.05299876252612713,713.2428071151533,3251.447080779406,15,5,0
synthetic_126,889.3786426536235,399.3152893822133,273.4520617316067,90.47416902765634,8004.4077838826115,2461.0685555844602,99.15377090183743,4235.644399927698,978.2361179330276,927.5466814894875,3.2510905375591697,615.9265809220168,0.012385848863497619,0.40690098117835444,0.4303246736123335,0.005567922157922368,382.72157411770075,711.5029141228988,9,3,1
synthetic_127,7719.846586250671,1047.9383045118543,693.1502977791115,147.6830314882962,54038.9261037547,4852.0520844537805,5093.706017687492,39323.78179014093,3688.1854011719756,12131.964706339353,11.135039386216864,7026.6962884715595,0.09425819731706815,0.6594308867216047,0.18192171192068218,0.3842144864352605,1404.4077067357562,6175.877269000537,7,3,0
synthetic_128,4702.756923382233,630.5794322930221,1134.485754645602,19.66784450975634,70541.3538507335,17017.28631968403,929.7044788825722,46246.19171398181,12416.441704138235,16178.061657396973,4.145032732769489,3568.2711687366314,0.01317937987793563,0.47956650385422056,0.04492734551534945,0.1972506030878376,211.28238517149535,3762.2055387057867,15,5,1
synthetic_129,7285.910468874991,3615.931047479515,1747.9045965580372,408.7310705130763,65573.19421987492,15731.141369022334,1254.7917918359524,42615.66352000876,8847.22238095026,499.294118630592,4.168103545585538,5538.005872316953,0.019135451175023924,0.5149653997398813,0.14596482520800377,0.018763820460402574,1063.486648070503,5828.728375099993,9,5,0
synthetic_130,4680.804703478415,1583.2441582913796,1670.5079206443786,358.3760431852735,60850.46114521939,21716.602968376923,933.708804103343,51375.17594017332,13474.450319361016,4389.321533429893,2.801895827722054,3010.296782834036,0.015344065475684917,0.6228400256546651,0.19387038641995175,0.04132579119233241,907.4694166196879,3744.643762782732,13,5,1
synthetic_131,20159.26145100955,1760.3791410835875,11627.97670277828,5176.684069712048,302388.9217651432,174419.6505416742,6912.982320120856,211228.7640527217,56234.358612905824,39595.80504256075,1.7336761491604096,8531.284748231268,0.022861153175236945,0.5125647195351808,0.26162991593882706,0.5673117951458961,5274.265878816465,16127.40916080764,15,4,0
synthetic_132,1462.3196223450882,463.3444536224151,327.89378914468,109.03386411437346,11698.556978760706,2623.15031315744,73.11977031491068,3453.8853710636563,981.2731498610813,754.6764643901836,4.458036157496148,1134.4258332004083,0.0062497896670490865,0.21134238037314898,0.22385587511481614,0.09020599123113494,327.34883875762716,1169.8556978760705,8,5,1
synthetic_133,7161.363290296703,1391.9052988271035,1661.1580362199295,146.9268957220313,78774.99619326374,18272.738398419224,2759.246039486137,18681.934477925755,9310.418124840106,15463.538786923737,4.310830902563331,5500.205254076774,0.0350264823400873,0.11896411097225862,0.477841439931967,0.2013899388258856,3421.9961465113056,5729.090632237363,11,4,0
synthetic_134,2980.023088797995,278.0956649444809,2039.4216929221534,128.02448253038642,50660.392509565914,34670.168779676605,2226.9066177582517,18069.539741739805,26944.383345938673,5613.592346413904,1.4611677163667411,940.6013958758417,0.04395667997751475,-0.17517962228383507,0.2159862875922009,0.04275444736491759,643.6441238885226,2384.018471038396,17,4,1
synthetic_135,17968.236207959537,8187.5789164516855,1395.3245768533518,527.6097507551256,125777.65345571676,9767.272037973462,19483.138810364107,92889.06844753296,5528.8006013305185,45834.452637294526,12.876141549576536,16572.911631106184,0.15490020186313722,0.6945555978380673,0.7408540115517209,0.16551329119068564,13311.839875175705,14374.588966367632,7,3,0
synthetic_136,21020.61995401221,645.8195562116277,6541.748222567953,1968.4340660585274,168164.95963209769,52333.985780543626,2527.166302656506,54686.47453175651,34291.12975543425,20439.280971398675,3.2132417182124415,14478.871731444258,0.015027811265640637,0.12128105367425035,0.04279133680285996,0.6302222957051118,899.5004282570551,16816.49596320977,8,4,1
synthetic_137,1335.6529548914016,101.13932943901528,957.0061050249808,361.33374100232544,18699.14136847962,13398.085470349732,73.75761316723049,11323.82486938785,10082.641499633597,2317.390065245808,1.3955535554913923,378.64684986642067,0.003944227571004037,0.06637294046591292,0.18571103321651902,0.5439945011192413,248.04549027157887,1068.5223639131214,14,3,0
synthetic_138,1992.0589098695878,641.3997208288808,387.6629236106482,74.27919456781801,21912.648008565466,4264.29215971713,77.79229191822925,7903.998439603219,2839.6563293093404,3525.3850947632095,5.1374319010350495,1604.3959862589397,0.0035499471328471785,0.23110447463217265,0.27016129982828446,0.36469694814907505,538.1772244248832,1593.6471278956703,11,4,1
synthetic_139,3994.6669265315736,1207.1070931028587,682.2279141726233,27.325181389075674,35952.002338784165,6140.051227553609,386.78162648525307,14933.796646541197,3601.5652120068216,6758.109079811652,5.854372648362721,3312.4390123589505,0.010757978508738166,0.31519569152392524,0.3648174372569182,0.026426634749643917,1457.3241508322185,3195.7335412252596,9,5,0
synthetic_140,3552.07343772641,1146.5598988917309,393.96463675518896,25.00580492653911,39072.807814990505,4333.6110043070785,383.8436591390814,18109.655407149177,2974.7900407567886,8716.543565268401,9.014144008808605,3158.1088009712203,0.009823553950936448,0.387340426048417,0.6694905921743461,0.1170540312098347,2378.079749270219,2841.6587501811277,11,4,1
synthetic_141,13769.27856922584,2171.165615832496,5529.21477705239,2204.8132220800794,151462.06426148425,60821.36254757629,11273.378187939632,138304.77709957448,39944.10837259356,15983.082043004755,2.4902364511573856,8240.063792173452,0.07442988323857881,0.6494036629100022,0.3846241971100183,0.14065740569914567,5295.99771447267,11015.422855380673,11,4,0
synthetic_142,519.2385908608518,208.77689739052636,66.98903018862522,13.489563750928406,6230.863090330222,803.8683622635026,45.626210720563705,2110.624920056426,706.7817553464463,354.2664602381638,7.741468521395707,452.2495606722266,0.00732143984218145,0.22526861459589467,0.08359302381548074,0.14145430282847926,43.40472389174784,415.39087268868144,12,4,1
synthetic_143,1322.9212665745636,234.70730387808166,263.8394067566778,74.85004505262486,17197.976465469328,3429.9122878368116,660.7840414965638,9415.524605190605,396.1652749807458,1076.908256724504,5.01265407642136,1059.081859817886,0.038419963119504866,0.5244125630567713,0.18172677120748562,0.5307643992278114,240.41021033631282,1058.337013259651,13,4,0
synthetic_144,9843.752022946808,4412.829304013581,2079.543753116544,842.3827168218949,147656.28034420212,31193.15629674816,17829.095064423098,81361.97625881106,28365.202967428402,29640.5329475913,4.733459656339369,7764.208269830265,0.12074646792126949,0.3589174415771611,0.2385781650859882,0.21453381605590224,2348.504295196134,7875.001618357447,15,4,1
synthetic_145,5454.089043728868,54.91681065929427,4140.479417825925,1928.9259813444144,70903.15756847529,53826.23243173703,197.20792577803311,25896.550020262996,16916.160012934863,26575.07613956429,1.317235799897268,1313.6096259029432,0.0027813309196654747,0.1266553375047912,0.04625358222755003,0.23728736785068136,252.2711560604929,4363.2712349830945,13,5,0
synthetic_146,4428.515835663589,1695.8085661617108,641.0498080416578,184.3212351140494,53142.19002796307,7692.597696499894,1395.8956684342718,30818.093394451706,3488.573180466643,4917.630226411243,6.907326341243375,3787.4660276219315,0.026266689442236615,0.5142619439970525,0.06065558987992058,0.14465316749765786,268.61424030474444,3542.812668530872,12,5,1
synthetic_147,2483.517114038895,135.3685900537523,588.8446198848542,89.05283186678537,24835.171140388953,5888.446198848542,1278.202522380468,3325.1128512962364,1621.8135151959507,5819.56022220912,4.216894136030062,1894.672494154041,0.051465361353620086,0.06858139793256436,0.6041586396002356,0.058755120405345126,1500.4383210416422,1986.8136912311165,10,3,0
synthetic_148,7131.77463981652,899.7259182103405,1762.8496620744747,419.0961019613219,78449.52103798171,19391.34628281922,580.8806945142273,15039.068663968872,2024.205057506735,12485.359738290104,4.045385735891308,5368.924977742045,0.007404421115737329,0.16589900786205114,0.30610175609115875,0.0203182826458021,2183.048741294228,5705.4197118532165,11,5,1
synthetic_149,2385.7750026145377,1146.8618691200854,685.9656833578866,323.10980514720416,31015.07503398899,8917.553883652527,905.5979711709049,17286.078414202817,4159.0620392982055,4067.471397730584,3.4775901383338392,1699.809319256651,0.02919769732883689,0.423232674041424,0.3234758305612301,0.012701764777911337,771.7405505029584,1908.6200020916303,13,5,0
synthetic_150,16369.458809426329,3455.529191084723,2295.9201013876987,480.9605627471334,130955.67047541063,18367.36081110159,9214.637765663281,119241.98950546006,6392.657099535236,23650.05869728107,7.129415184193398,14073.53870803863,0.07036401988697084,0.8617303112262176,0.019012529445829672,0.5604755781990011,311.224817626514,13095.567047541064,8,3,1
synthetic_151,2486.1654880709416,433.62692473080136,1653.875588079942,29.430906952481,27347.820368780358,18192.63146887936,2292.489655011256,23158.10312161643,4362.9847313325345,17814.394084449235,1.5031534751904507,832.2898999909997,0.08382407811739528,0.6872368949316434,0.5327512910596983,0.046550801889448545,1324.5078735578593,1988.9323904567534,11,2,0
synthetic_152,10976.456413181968,2214.3956350366425,4706.276087530696,1.407032620001564,98788.10771863771,42356.484787776266,1579.8269009081812,79775.4117733257,29959.632476472085,10452.97085790648,2.332246785039193,6270.180325651271,0.015991913859650427,0.5042638854349657,0.1512218523145303,0.2619702361743609,1659.8800706510826,8781.165130545574,9,5,1
synthetic_153,1229.9776947787045,43.378630463165415,235.16590933018648,29.03842370244622,13529.75464256575,2586.825002632051,1152.5012319265063,9805.650894408735,1449.8271393402918,2946.8041089770168,5.228233991403889,994.811785448518,0.0851764193772983,0.617543069533037,0.05880082040464446,0.12131092553333765,72.3236975324012,983.9821558229636,11,3,0
synthetic_154,6706.27306425984,522.3290107803622,931.6322678965521,18.544810809536944,73769.00370685823,10247.954946862073,150.49447669534993,46075.24577945331,8138.799934697236,2368.5448290937657,7.197709824009336,5774.640796363287,0.0020400497374701743,0.514253001741807,0.10348441456188563,0.32414902209172636,693.9947419470723,5365.018451407872,11,4,1
synthetic_155,2003.081922056695,815.6388545529454,297.7498037716222,44.64722473285249,28043.14690879373,4168.497252802711,1141.6908601020768,8749.715340953262,1266.2395324551171,7855.159092612507,6.725786158017803,1705.3321182850727,0.04071048635621288,0.2668462632447404,0.1019354208282404,0.02846394306216165,204.18499867828987,1602.465537645356,14,5,0
synthetic_156,1353.7874939320018,616.5326031385664,382.03866812133253,176.89528041699882,17599.237421116024,4966.502685577323,814.6703167687004,6868.21591869952,1730.1042914974378,1171.2152310976624,3.542874264006692,971.7488258106694,0.046287461769765295,0.29193422249165757,0.08789555071954158,0.056798053381502366,118.99189733638136,1083.0299951456016,13,4,1
synthetic_157,3552.9596152595623,607.791655630656,750.1020703656934,341.12709635218,53294.394228893434,11251.5310554854,3844.319777631525,38488.33853348631,4811.093965843093,21762.849792264955,4.736213920770599,2802.857544893869,0.07213230773978167,0.6318978413595358,0.3128819119056464,0.16819743834731354,1111.6567973459616,2842.3676922076497,15,4,0
synthetic_158,730.102540343871,273.5582646752693,55.718344652175695,13.444870989077236,7301.025403438711,557.183446521757,1326.8561406682452,1327.101932290703,465.9944910854277,230.071197970393,13.079974780574453,674.3841956916954,0.18171069906760318,0.11792720425209118,0.19607879464936473,0.11409933008291538,143.15762608106542,584.0820322750969,10,3,1
synthetic_159,786.2089545015166,352.77090370503953,222.0418137905026,43.7017724473857,11006.925363021232,3108.5853930670364,232.18981615111645,6019.509645803477,885.6943137377194,3023.614810928406,3.5396761856296592,564.167140711014,0.02109296788394918,0.4663744677368281,0.17860114055451548,0.4447265769600429,140.417815988144,628.9671636012133,14,3,0
synthetic_160,19740.757481135446,7099.222537019059,4135.522441142581,1501.3700987425707,217148.3322924899,45490.74685256839,9453.563551526486,45987.27713350389,22341.082423267926,29665.165449660966,4.773356648541846,15605.235039992867,0.043534849735540435,0.10889370213851571,0.1060092699692476,0.13166458839898684,2092.703289215132,15792.60598490836,11,5,1
synthetic_161,1722.9611731585053,73.19680925344035,1097.3462637911032,306.25353159901596,22398.49525106057,14265.50142928434,2681.868846090233,18482.89722306445,9261.249586749089,8399.651187216336,1.5700061687922993,625.6149093674022,0.11972898567717735,0.41168997483899716,0.2181295711034004,0.3318902102074582,375.8287817288764,1378.3689385268044,13,2,0
synthetic_162,1587.8170821923593,84.28161140712434,242.45372643610352,93.19280334295303,19053.80498630831,2909.444717233242,142.66885125296503,13800.15692304656,1751.3691764753182,2638.0385778184987,6.546698816674808,1345.3633557562557,0.007487290022410551,0.632322805467115,0.045867722681790096,0.30679961821968343,72.82955359540824,1270.2536657538874,12,4,1
synthetic_163,6648.379758452881,2096.800646853235,2734.4720253429855,434.8352105648052,86428.93685988746,35548.13632945881,3978.703577256518,53414.83508765612,10561.047027799748,14100.56343666639,2.4312527893473925,3913.907733109896,0.046033859583936056,0.49582111958877323,0.47556431223576506,0.018280123829245584,3161.7321473108263,5318.703806762305,13,4,0
synthetic_164,4668.699183889988,2053.8488878849676,1627.500053306621,252.01163816615698,60693.08939056984,21157.500692986076,853.5589061010354,14294.221309978855,11233.10023043613,35460.48731927156,2.868496698855853,3041.1991305833662,0.014063295366511496,0.05043524188729879,0.4000353425308735,0.10925979197424127,1867.6446772010406,3734.95934711199,13,4,1
synthetic_165,2381.964935328331,103.26600183774536,918.9595461974606,61.43044894773921,28583.579223939974,11027.514554369527,586.0231509271132,16619.937974395405,5223.222734565909,1311.71415312926,2.591788684054017,1463.0053891308708,0.020501374056830994,0.39870152191306674,0.09733644612217222,0.14745184428567049,231.85200159248953,1905.5719482626653,12,5,0
synthetic_166,3758.7513450016795,411.1542266188546,2002.615883357256,445.1549772806908,37587.51345001679,20026.15883357256,97.40840974146936,9271.105228364884,13061.654385398835,10915.812435977763,1.8768270508249478,1756.135461644423,0.002591440863204071,-0.1008432845335696,0.072021141545487,0.001204096399281782,270.70956265265556,3007.001076001344,10,5,1
synthetic_167,10634.858494867838,1958.1438914335624,2413.323161540924,865.4923489585606,148888.01892814974,33786.52426157294,12741.156639820023,83075.04986671689,18352.271324875113,23687.45068705384,4.406597469986351,8221.535333326914,0.0855748579145961,0.43470484934201514,0.8489243057858497,0.3342399961911785,9028.189864886426,8507.886795894272,14,2,0
synthetic_168,2214.150130869063,329.7527129631333,882.642537418177,146.84059471047135,24355.651439559693,9709.067911599946,3992.859537821644,16905.004618396764,6604.532460074713,5476.164802770085,2.508288475558825,1331.5075934508861,0.16393302452637246,0.42290181734884075,0.38796195190468435,0.10101475486935818,859.006006581974,1771.3201046952504,11,4,1
synthetic_169,8931.147700847405,4139.174171278553,2908.9835006874196,405.8152565883727,80380.32930762664,26180.851506186777,2473.3342036718986,69496.67739534075,14285.142247593398,27769.960640461515,3.0700781145532337,6022.164200159985,0.030770008719390844,0.6868701428965899,0.4332881481802988,0.13862040698336925,3869.7604484249055,7144.918160677924,9,4,0
synthetic_170,4123.50415681629,1099.5809332635463,213.4814114444616,24.258005240136047,57729.05819542806,2988.7397602224623,2144.588247084001,33914.379126618885,1665.735586151452,21808.14654053089,19.30905791985471,3910.0227453718285,0.03714855508761365,0.5586109653882416,0.15098567144466732,0.08554831713266786,622.5900438217842,3298.803325453032,14,5,1
synthetic_171,3513.242802727286,782.6061276274443,1417.921117948545,615.3633213454214,52698.64204090929,21268.816769228175,1065.1061229663362,24382.940609160225,14854.041641530734,16129.466465453166,2.477625576782135,2095.321684778741,0.020210879651507377,0.18081525032432796,0.6152054441754029,0.27390492619433066,2161.366098947877,2810.5942421818286,15,4,0
synthetic_172,1638.5425217241616,798.7110528050712,411.0484170110152,140.0199665361402,21301.0527824141,5343.629421143198,72.2339956259029,14084.682007328058,1520.0836972349914,6826.978003182598,3.9855060293137923,1227.4941047131463,0.003390940599186556,0.5898303998413601,0.13377060442258945,0.08560515694190493,219.188823503155,1310.8340173793292,13,5,1
synthetic_173,760.809194003005,82.72009504689268,148.6023899136477,59.45117852834377,6847.2827460270455,1337.4215092228292,289.57484182272805,3418.5165340520894,605.3402791223668,510.3137413337195,5.115938961563016,612.2068040893573,0.04228429995690842,0.41078564645447146,0.22254060285698007,0.04179699270724107,169.31093669256185,608.647355202404,9,4,0
synthetic_174,1994.612296927614,984.7086482362732,1019.5739727317025,79.71138497085121,23935.347563131367,12234.88767278043,277.1636164275078,22090.572682407,2949.8019213083435,5744.633283656163,1.9561594714846218,975.0383241959113,0.0115791941814221,0.799652942480697,0.17389740625033978,0.12179546281528564,346.8579049107446,1595.6898375420913,12,4,1
synthetic_175,6098.955126129153,2366.0202791974734,1759.5223394669663,734.0065582461402,91484.3268919373,26392.835092004494,2246.929267503083,53355.36402101552,23710.95385662263,62305.68995001485,3.46612481941477,4339.432786662187,0.02456054259014849,0.32403458752909026,0.12145803280712615,0.4102265165663122,740.7670917985848,4879.164100903322,15,4,0
synthetic_176,3633.3728925297432,89.57896856146775,749.0925295182218,353.19067950599106,50867.220495416404,10487.295413255106,2789.928202479415,9646.90176820681,6200.384497177426,11003.738145910129,4.84990348680782,2884.280363011521,0.054846192284843304,0.06775383997047704,0.02766469490626718,0.5409536965253255,100.51615255253684,2906.6983140237944,14,3,1
synthetic_177,6952.677414606764,1259.4548826917428,1845.5770166630305,393.9335491026536,90384.80638988793,23992.501216619396,4530.294738500945,30464.789909661355,2327.722644204937,32870.07717925042,3.7670536523148934,5107.100397943734,0.05012174941449413,0.31129962091707686,0.46796365867913764,0.4305571510791962,3253.6003605551887,5562.141931685412,13,2,0
synthetic_178,320.387749958488,107.45244862627108,45.53042935764511,19.967835745521224,3844.6529995018554,546.3651522917413,60.09931227865795,1059.483199862282,328.3343449125626,122.47017041022197,7.023927232862434,274.85732060084285,0.015627856253916533,0.19012346018853712,0.015550619260964882,0.47830628802321573,4.982227915481663,256.3101999667904,12,3,1
synthetic_179,785.9330771444753,107.75648987100884,214.508749921564,22.081743957748944,7859.330771444753,2145.08749921564,59.66131275430288,1562.6795914940087,1255.8688728727973,3039.1074192020096,3.662166977962087,571.4243272229112,0.007590178389316935,0.039032799959996936,0.08417977040747854,0.018316366514456995,66.15966598966506,628.7464617155803,10,4,0
synthetic_180,3967.1502183784473,348.89158813749617,1777.4139165734628,128.18711043108368,47605.80262054137,21328.96699888155,3827.1802599317043,7759.748974312005,13636.1275084139,9376.29516152095,2.2318741807259994,2189.736301804985,0.08039145771743876,-0.1234356900827941,0.22325761601029667,0.05652979446501566,885.6965001099001,3173.720174702758,12,4,1
synthetic_181,3887.8710278176613,1882.3651668123211,1443.53963704011,135.91107923628803,38878.710278176615,14435.3963704011,324.3116502135269,29808.291245892535,2759.4493855270007,18585.959522597754,2.693103547495379,2444.3313907775514,0.008341411185760936,0.6957058493192576,0.13750034227072735,0.4178025600298405,534.5835970293731,3110.2968222541294,10,4,0
synthetic_182,6398.765445715741,1457.5324914071123,1358.9496175481622,111.17308901919628,89582.71624002038,19025.294645674272,11916.561584228713,15657.183802632178,9656.483080742028,29111.140490319685,4.708363762272938,5039.81582816758,0.13302151422587605,0.06698427988645346,0.6038867605647591,0.04163254600986639,3864.129736626996,5119.0123565725935,14,3,1
synthetic_183,5347.124220201635,179.88959169976116,1872.219842285662,240.7228671184293,74859.73908282288,26211.07779199927,835.3281718195641,62586.85325366853,9807.855938749011,3070.7236040816015,2.855925412584895,3474.9043779159724,0.011158428063278816,0.7050290707994077,0.6882552383755344,0.375270549309442,3680.1862547984697,4277.699376161308,14,3,0
synthetic_184,2210.155662546125,901.6946541816561,380.50966314020616,119.80034635849661,19891.400962915122,3424.5869682618554,3759.268651748389,9259.872148126567,2059.3664050735515,1784.320709067094,5.806713169804015,1829.6459994059187,0.18898013662386426,0.3619726827584427,0.09119719783492694,0.015001452552816213,201.56000320320297,1768.1245300368998,9,4,1
synthetic_185,339.82425782920916,80.62900786661073,48.296334352904644,21.409654939280472,5097.363867438137,724.4450152935697,342.19726558082795,2472.202408532497,168.92688505581057,1107.8759058277976,7.026533727542893,291.5279234763045,0.06711903553340882,0.45176758335886547,0.004501305866931874,0.1224928290758367,1.529652925492389,271.8594062633673,15,3,0
synthetic_186,174.59928679487373,36.90039116496129,18.84903747032874,7.663472055587131,1571.3935811538636,169.64133723295865,19.441960534697134,404.94566760129624,25.651062991168008,779.4236014507442,9.208750978132604,155.750249324545,0.012364563661236849,0.24122116062811189,0.27173663778367857,0.185945818557479,47.44502315306722,139.67942943589898,9,4,1
synthetic_187,591.8697685060738,270.73370572614886,133.47718199120476,36.2350802597438,7694.30699057896,1735.203365885662,64.73476436287537,4591.009063466342,1014.0825448251238,1074.1391238808185,4.4316853323539,458.3925865148691,0.008412239361227227,0.4648192103343374,0.7889868054178767,0.019524493983103422,466.97743787702535,473.4958148048591,13,3,0
synthetic_188,4818.705012814333,591.386324526996,443.7357587238876,198.0102252712082,67461.87017940066,6212.300622134427,368.5956298754058,14352.999725582678,4904.053294383605,962.0211017146811,10.857654293930782,4374.969254090445,0.005463681413127217,0.1400614353654382,0.7568473318714578,0.3932398560658945,3647.024032024147,3854.964010251467,14,3,1
synthetic_189,2462.981237741096,972.9801104665797,550.5904399167208,101.50827277952718,27092.793615152055,6056.494839083929,2048.6482377041566,19303.753516029905,3987.2288738898674,6865.134245295962,4.472606966223892,1912.3907978243753,0.07561319270397267,0.5653148783703126,0.10599976453446817,0.3599378086893768,261.0754312533691,1970.384990192877,11,3,0
synthetic_190,6141.515992525905,2044.962585330238,1704.9405906802954,425.3553507751658,67556.67591778496,18754.34649748325,254.49488443479135,48686.54643930591,9979.463493092475,9628.781162179353,3.6019956190545606,4436.57540184561,0.0037670757760302712,0.5729487052414064,0.1927455632642535,0.5979125225639078,1183.7499592758265,4913.212794020725,11,4,1
synthetic_191,14828.986747825811,982.2028036851082,4510.666285553668,1924.4414864362652,177947.84097390974,54127.99542664402,14190.989266362725,67618.71920938259,12736.179159331741,74440.20429432028,3.2874772489555224,10318.320462272144,0.07974757907214108,0.30841751904468734,0.041696443958463635,0.08511769635920437,618.3160148915189,11863.189398260649,12,4,0
synthetic_192,8344.960485345166,441.433890581763,2671.2374002314714,526.488195995508,100139.52582414198,32054.848802777655,18310.758739936322,39305.79683805722,29043.337333121537,12847.914975990132,3.1239081030187803,5673.723085113695,0.18285063503752788,0.10248058336499766,0.071483754423695,0.11742014768250934,596.5291060098524,6675.968388276132,12,4,1
synthetic_193,4847.337148283342,1337.1679380299522,163.50039256687617,21.11009266965032,53320.70863111676,1798.5043182356378,534.5316737699545,24505.46862606329,1335.6622729180028,661.9104755784488,29.630775592356553,4683.836755716466,0.01002465388849186,0.43452858034680775,0.09329162221487743,0.0643551641631296,452.2159459857908,3877.869718626673,11,5,0
synthetic_194,2544.5129158166856,627.2607606766447,613.6108569642012,167.1551680676087,30534.154989800227,7363.330283570414,387.17921829872085,23281.474775344912,3813.431662295251,668.8498883359393,4.146222916959734,1930.9020588524843,0.012679785592313246,0.6375616275585516,0.13232386870732957,0.0023673287012104744,336.6997929966314,2035.6103326533485,12,5,1
synthetic_195,5917.0290148008735,1885.7644877105165,3087.864811619653,1352.3813782722195,59170.29014800873,30878.64811619653,4225.440251248345,12811.777570557733,22694.247341125894,2121.846620289329,1.9161581739972489,2829.16420318122,0.07141031132968362,-0.1670146070137822,0.22243160292318934,0.17495867439077153,1316.134248305178,4733.623211840699,10,4,0
synthetic_196,3452.781090180992,94.10430114676042,232.2349084072246,19.834452719360705,48338.93526253389,3251.2887177011444,443.7020802207901,5123.795672703958,1719.0278778975246,19086.954229250045,14.863051671716864,3220.5461817737673,0.009178789293180615,0.07043385094156955,0.37354553726319767,0.08303521865791312,1289.7709673838679,2762.2248721447936,14,5,1
synthetic_197,1377.7789741719278,633.8059198968908,831.4440076652854,21.295067146118342,12400.01076754735,7482.996068987569,442.086716032824,4662.0550342150555,3737.4468721079947,847.466631695471,1.656870294057332,546.3349665066423,0.035649248623324845,0.07455909678965049,0.07139005686093405,0.2617647640943567,98.35971930793332,1102.2231793375422,9,4,0
synthetic_198,6816.595472155764,1888.5353229354776,1386.4752070841034,451.10661276194077,74982.5501937134,15251.227277925138,6834.024814399709,42178.93153949921,8866.886173987614,11565.417680063196,4.916170525614786,5430.12026507166,0.091140320733609,0.44425804432375976,0.060600660963643055,0.24225218856941313,413.09019113441576,5453.276377724611,11,4,1
synthetic_199,2990.3560121526457,1467.3997292354973,1042.0551678536606,483.70770774253765,26913.20410937381,9378.496510682946,58.50258755880629,14166.947122288304,1964.4126204326647,1347.7543323745513,2.869365544165461,1948.3008442989853,0.002173669610331547,0.4533864145589087,0.36437582630010495,0.041766436122026636,1089.613442859607,2392.2848097221167,9,5,0
